cid,Molecular_weight,LogP,Number_of_HBA_1,Number_of_HBA_2,Number_of_HBD_1,Number_of_HBD_2,Number_of_acidic_groups,Number_of_aliphatic_OH_groups,Number_of_basic_groups,Fraction_of_rotatable_bonds,Number_of_heavy_bonds,Number_of_heterocycles,Number_of_hydrophobic_groups,MolarRefractivity,Number_of_atoms,Number_of_halogen_atoms,Number_of_B_atoms,Number_of_Br_atoms,Number_of_Cl_atoms,Number_of_I_atoms,Number_of_F_atoms,Number_of_N_atoms,Number_of_O_atoms,Number_of_P_atoms,Number_of_S_atoms,Number_of_bonds,Number_of_NO2_groups,Number_of_SO_groups,Number_of_OSO_groups,Number_of_SO2_groups,PolarSurfaceArea,Geometrical_diameter,Geometrical_radius,Geometrical_shape_coefficient,Kier_shape_1,Kier_shape_2,Zagreb_group_index_1,Zagreb_group_index_2
1046,123.114997982979,1.0732,9,4,1,0,0,0,0,0.111111111111111,9,1,0,35.2233,14,0,0,0,0,0,0,3,1,0,0,14,0,0,0,0,68.87,7.03105623782363,1.00780819603227,5.97658172011778,7.11111111111111,3.2396694214876,63,63
124704,165.155997633934,1.5166,13,6,2,0,0,0,2,0.166666666666667,12,1,0,48.3481,19,0,0,0,0,0,0,5,1,0,0,19,0,0,0,0,107.25,9.16966329239366,1.00379472964388,8.13499844300519,10.0833333333333,4.88888888888889,85,84
171646,265.053997039795,-1.7651,11,3,1,0,1,0,0,0.1,10,1,0,58.2103,19,1,0,0,0,1,0,3,1,0,0,18,0,0,0,0,59.86,7.02937275977151,0.16143286012093,42.5436301785508,11,4.79289940828402,84,81
171647,138.149997711182,1.2309,11,3,1,0,0,0,0,0.1,10,1,0,44.1903,18,0,0,0,0,0,0,3,1,0,0,18,0,0,0,0,59.86,7.0671467415604,1.00680764439599,6.01936142509143,8.1,3.40828402366864,84,81
181450,157.559997081757,1.6036,8,4,1,0,0,0,0,0.1,10,1,0,39.1763,14,1,0,0,1,0,0,3,1,0,0,14,0,0,0,0,68.87,7.64639807698027,1.00795841653698,6.58602532756341,8.1,3.40828402366864,64,66
258796,138.129997968674,1.1829,11,5,2,1,0,0,0,0.2,10,1,0,38.9877,16,0,0,0,0,0,0,4,1,0,0,16,0,0,0,0,80.9,7.13755591754224,1.01673304290839,6.02008847585509,8.1,4,72,72
280449,139.113997578621,0.7839,9,5,2,2,1,0,0,0.2,10,1,0,36.0471,15,0,0,0,0,0,0,3,2,0,0,15,0,0,0,0,77.94,7.12603703443555,0.975815702879186,6.30264640485891,8.1,4,67,69
284752,139.113997578621,0.3116,8,4,1,1,0,0,0,0.1,10,1,0,38.5223,15,0,0,0,0,0,0,3,2,0,0,15,0,0,0,0,82.92,7.01986591277836,1.01171921632475,5.93855152645936,8.1,3.40828402366864,69,72
301266,157.559997081757,1.6036,8,4,1,0,0,0,0,0.1,10,1,0,39.1763,14,1,0,0,1,0,0,3,1,0,0,14,0,0,0,0,68.87,7.02968309467961,1.01152343448205,5.94959983628968,8.1,3.40828402366864,64,66
470898,137.141997694969,1.7579,11,4,1,0,0,0,0,0.1,10,1,0,42.3033,17,0,0,0,0,0,0,3,1,0,0,17,0,0,0,0,68.87,7.02354735422954,1.01075222849119,5.94883192561841,8.1,3.40828402366864,79,75
470902,166.139997243881,1.1778,12,6,2,0,0,0,0,0.166666666666667,12,1,0,44.1866,18,0,0,0,0,0,0,4,2,0,0,18,0,0,0,0,111.96,8.92450117408119,1.00702609454506,7.86223427816234,10.0833333333333,4.296875,82,84
470904,137.141997694969,1.5976,11,4,1,1,0,0,0,0.2,10,1,0,42.3329,17,0,0,0,0,0,0,3,1,0,0,17,0,0,0,0,54.88,6.89169514497527,1.01373534397173,5.79831791005156,8.1,4,79,75
470905,151.16899740696,2.122,13,4,0,0,0,0,0,0.181818181818182,11,1,0,49.4425,20,0,0,0,0,0,0,3,1,0,0,20,0,0,0,0,46.09,8.18048090721772,1.08375590533344,6.54826881861451,9.09090909090909,4.13265306122449,95,87
470913,165.151996970177,1.1667,12,5,1,1,0,0,0,0.25,12,1,0,47.3399,19,0,0,0,0,0,0,3,2,0,0,19,0,0,0,0,71.95,7.06965260781439,1.01385324318377,5.97305320601808,10.0833333333333,4.88888888888889,89,87
1282529,157.559997081757,1.6036,8,4,1,0,0,0,0,0.1,10,1,0,39.1763,14,1,0,0,1,0,0,3,1,0,0,14,0,0,0,0,68.87,7.05745819234623,1.00749899450606,6.00492827370637,8.1,3.40828402366864,64,66
2760054,137.141997694969,1.7579,11,4,1,0,0,0,0,0.1,10,1,0,42.3033,17,0,0,0,0,0,0,3,1,0,0,17,0,0,0,0,68.87,8.07151487161359,1.00762564099138,7.01043020667101,8.1,3.40828402366864,79,75
2769693,151.16899740696,2.2823,13,4,1,1,0,0,0,0.181818181818182,11,1,0,49.4129,20,0,0,0,0,0,0,3,1,0,0,20,0,0,0,0,54.88,8.14522199168262,1.01634335681645,7.01424236903201,9.09090909090909,4.13265306122449,95,87
3773741,138.105997562408,0.6783,8,5,1,2,1,0,0,0.2,10,1,0,36.6649,14,0,0,0,0,0,0,3,2,0,0,14,0,0,0,0,77.94,7.17878620564426,1.01168271313002,6.09588699349619,8.1,4,64,66
4065153,179.22299683094,3.5356,17,4,0,0,0,0,0,0.307692307692308,13,1,0,63.2845,26,0,0,0,0,0,0,3,1,0,0,26,0,0,0,0,46.09,8.97547108772264,1.07654971647362,7.33725646886334,11.0769230769231,5.671875,127,119
4447745,165.19599711895,3.0112,15,4,1,1,0,0,0,0.333333333333333,12,1,0,56.1749,23,0,0,0,0,0,0,3,1,0,0,23,0,0,0,0,54.88,8.87046035760278,1.01463093856347,7.7425486651942,10.0833333333333,5.61224489795918,111,107
4462842,179.22299683094,3.2981,17,4,1,1,0,0,0,0.230769230769231,13,1,0,63.1339,26,0,0,0,0,0,0,3,1,0,0,26,0,0,0,0,54.88,7.73749141034432,1.01661893301425,6.61100463415807,11.0769230769231,4.48148148148148,127,123
5161858,151.16899740696,2.3044,13,4,1,1,0,0,0,0.272727272727273,11,1,0,49.2539,20,0,0,0,0,0,0,3,1,0,0,20,0,0,0,0,54.88,7.90241719519592,1.01522237165616,6.78392735997779,9.09090909090909,4.79289940828402,95,91
10943924,218.135997056961,1.6236,8,6,0,2,0,0,0,0.25,16,1,0,51.099,18,0,0,0,0,0,0,8,2,0,0,18,0,0,0,0,84.64,11.6438749852215,1.08533649766115,9.72835476399585,14.0625,7.35,82,90
11658404,185.118996739388,0.8341,10,4,1,0,0,0,0,0.083333333333333,12,1,0,45.5847,18,0,0,0,0,0,0,4,4,0,0,17,2,0,0,0,135.07,7.21166175248988,1.00682176959442,6.16279878949673,13,7.40816326530612,75,72
11789368,150.169431527394,2.122,13,4,0,0,0,0,0,0.181818181818182,11,1,0,49.4425,20,0,0,0,0,0,0,3,1,0,0,20,0,0,0,0,46.09,8.02539311497494,1.08370295210955,6.40552851623466,9.09090909090909,4.13265306122449,95,87
12571040,151.16899740696,2.4426,13,4,1,0,0,0,0,0.090909090909091,11,1,0,49.3833,20,0,0,0,0,0,0,3,1,0,0,20,0,0,0,0,68.87,8.04785560416156,1.01079428497794,6.96191245218331,9.09090909090909,3.6,95,87
12571044,153.140997290611,0.9963,10,4,1,1,0,0,0,0.090909090909091,11,1,0,45.6023,18,0,0,0,0,0,0,3,2,0,0,18,0,0,0,0,82.92,8.10858741426398,1.0088199549503,7.03769530378044,9.09090909090909,3.6,85,84
12571051,153.140997290611,0.9963,10,4,1,1,0,0,0,0.090909090909091,11,1,0,45.6023,18,0,0,0,0,0,0,3,2,0,0,18,0,0,0,0,82.92,7.03774951376758,1.01136142534007,5.95868888948491,9.09090909090909,3.6,85,84
12580954,149.152997374535,1.5679,11,4,0,0,0,0,0,0.166666666666667,12,2,0,42.9947,18,0,0,0,0,0,0,3,1,0,0,19,0,0,0,0,45.86,8.12064173113968,1.07868739453262,6.52826237916523,7.63888888888889,3.1640625,95,103
12628624,149.112997889519,1.2961,7,4,0,1,0,0,0,0.181818181818182,11,1,0,38.6795,14,0,0,0,0,0,0,5,1,0,0,14,0,0,0,0,55.21,8.31008764608425,1.08417273557727,6.664911109999,9.09090909090909,4.79289940828402,63,66
13214026,151.16899740696,2.2823,13,4,1,1,0,0,0,0.181818181818182,11,1,0,49.4129,20,0,0,0,0,0,0,3,1,0,0,20,0,0,0,0,54.88,7.07259642903723,1.01314429398983,5.98083823892932,9.09090909090909,4.13265306122449,95,87
13800269,166.183997392654,2.5965,14,4,2,1,0,0,0,0.333333333333333,12,1,0,54.0874,22,0,0,0,0,0,0,4,1,0,0,22,0,0,0,0,82.52,9.08724562679953,1.01686270754189,7.93655117785424,10.0833333333333,5.61224489795918,104,103
13800270,202.644996523857,3.511,15,4,3,1,0,0,0,0.333333333333333,12,1,0,62.1644,24,1,0,0,1,0,0,4,1,0,0,23,0,0,0,0,82.52,8.85697549834975,0.368072578575867,23.0631223673842,13,7.40816326530612,105,103
13883472,137.141997694969,1.7579,11,4,1,0,0,0,0,0.1,10,1,0,42.3033,17,0,0,0,0,0,0,3,1,0,0,17,0,0,0,0,68.87,7.1295752781039,0.998437622342841,6.14073179792073,8.1,3.40828402366864,79,75
14101204,180.166996955872,1.4588,14,6,2,1,0,0,0,0.307692307692308,13,1,0,50.9157,21,0,0,0,0,0,0,4,2,0,0,21,0,0,0,0,97.97,8.46589447336145,1.01075873021182,7.37578169776215,11.0769230769231,5.671875,98,99
14155055,153.140997290611,1.5292,12,5,1,1,0,0,0,0.272727272727273,11,1,0,43.4179,18,0,0,0,0,0,0,3,2,0,0,18,0,0,0,0,64.11,6.94705363135466,1.01955190538555,5.81383026666757,9.09090909090909,4.79289940828402,83,77
14726136,166.139997243881,1.1778,12,6,2,0,0,0,0,0.166666666666667,12,1,0,44.1866,18,0,0,0,0,0,0,4,2,0,0,18,0,0,0,0,111.96,9.00386351989934,1.00746336286169,7.93716223518435,10.0833333333333,4.296875,82,84
14957188,180.229098592728,3.2981,17,4,1,1,0,0,0,0.230769230769231,13,1,0,63.1339,26,0,0,0,0,0,0,3,1,0,0,26,0,0,0,0,54.88,7.83325366361779,0.285917870374654,26.3968662866489,11.0769230769231,4.48148148148148,127,123
14957189,180.229098592728,3.2981,17,4,1,1,0,0,0,0.230769230769231,13,1,0,63.1339,26,0,0,0,0,0,0,3,1,0,0,26,0,0,0,0,54.88,7.81163180106107,0.280273207434186,26.8714896531642,11.0769230769231,4.48148148148148,127,123
17768039,202.01099729538,1.7127,8,4,1,0,0,0,0,0.1,10,1,0,41.8663,14,1,0,1,0,0,0,3,1,0,0,14,0,0,0,0,68.87,7.25627710076969,1.00739840222779,6.20298650933232,8.1,3.40828402366864,64,66
17840689,196.036996245384,2.9022,11,4,3,0,0,0,0,0.111111111111111,9,1,0,51.3773,18,2,0,0,2,0,0,3,1,0,0,16,0,0,0,0,68.87,7.01750300767627,0.077574736368087,89.4611905399038,13.5802469135802,6.69421487603306,65,63
17893952,166.115996837616,-0.4762,9,6,1,2,1,0,0,0.25,12,1,0,39.3804,16,0,0,0,0,0,0,3,3,0,0,16,0,0,0,0,95.01,7.62611474099181,1.00208444080563,6.61025162196989,10.0833333333333,4.88888888888889,74,78
20295780,238.471996426582,2.6742,9,4,2,0,0,0,0,0.1,10,1,0,50.3273,16,2,0,1,1,0,0,3,1,0,0,15,0,0,0,0,68.87,7.12168740552654,0.313187231902972,21.7393925424549,11,4.79289940828402,65,66
20608797,165.19599711895,2.8288,15,4,0,0,0,0,0,0.25,12,1,0,56.3635,23,0,0,0,0,0,0,3,1,0,0,23,0,0,0,0,46.09,9.0720527812539,1.08382647838958,7.37039227417081,10.0833333333333,4.88888888888889,111,103
21124992,265.053997039795,2.9117,12,4,1,0,0,0,0,0.1,10,1,0,58.2783,19,1,0,0,0,1,0,3,1,0,0,18,0,0,0,0,68.87,6.99124547356082,1.00775680755593,5.93743313976354,11,6.69421487603306,80,67
21286508,216.03799700737,2.1972,10,4,1,1,0,0,0,0.272727272727273,11,1,0,49.1459,17,1,0,1,0,0,0,3,1,0,0,17,0,0,0,0,54.88,7.71889735095833,1.01609017699462,6.59666565598455,9.09090909090909,4.79289940828402,80,79
21286523,171.586996793747,2.0411,10,4,1,1,0,0,0,0.272727272727273,11,1,0,46.0719,17,1,0,0,1,0,0,3,1,0,0,17,0,0,0,0,54.88,7.61721159229257,1.01567299740074,6.4996692949268,9.09090909090909,4.79289940828402,80,79
21468519,159.575997114182,1.9877,10,4,2,0,0,0,0,0.111111111111111,9,1,0,43.3003,16,1,0,0,1,0,0,3,1,0,0,15,0,0,0,0,68.87,7.01750300767627,0.324427296687955,20.630433318396,10,4.7603305785124,64,63
21578232,205.138994932175,2.4071,10,4,1,1,0,0,0,0.285714285714286,14,1,0,46.2739,20,3,0,0,0,0,3,3,1,0,0,20,0,0,0,0,54.88,8.40816591260041,1.01903797742422,7.25108199976355,12.0714285714286,5.18559556786704,98,103
21821668,139.113997578621,0.3116,8,4,1,1,0,0,0,0.1,10,1,0,38.5223,15,0,0,0,0,0,0,3,2,0,0,15,0,0,0,0,82.92,7.04039283606899,1.00761922917773,5.98715609249964,8.1,3.40828402366864,69,72
21918841,186.1269967556,0.9397,12,4,2,1,0,0,0,0.083333333333333,12,1,0,44.9669,19,0,0,0,0,0,0,4,4,0,0,18,2,0,0,0,132.24,7.27609046373366,1.00400723763038,6.24704981301369,13,7.40816326530612,78,75
21959006,163.139997601509,1.9808,9,4,0,1,0,0,0,0.166666666666667,12,1,0,45.7595,17,0,0,0,0,0,0,5,1,0,0,17,0,0,0,0,55.21,9.35995898735966,1.08447565815776,7.63086129868487,10.0833333333333,4.88888888888889,79,78
22662820,141.104997158051,1.0893,8,4,1,0,0,0,0,0.1,10,1,0,34.1243,14,1,0,0,0,0,1,3,1,0,0,14,0,0,0,0,68.87,6.97425440105788,1.011728758617,5.89340333726546,8.1,3.40828402366864,64,66
22662853,141.104997158051,1.0893,8,4,1,0,0,0,0,0.1,10,1,0,34.1243,14,1,0,0,0,0,1,3,1,0,0,14,0,0,0,0,68.87,7.04330428019247,1.00738617524222,5.99166263473781,8.1,3.40828402366864,64,66
22662861,159.094996333122,1.1054,7,4,1,0,0,0,0,0.090909090909091,11,1,0,33.0253,14,2,0,0,0,0,2,3,1,0,0,14,0,0,0,0,68.87,7.03606974413904,1.01258540775257,5.94861854641536,9.09090909090909,3.6,65,69
23288723,124.122997999191,0.7065,9,3,2,1,0,0,0,0.111111111111111,9,1,0,37.0807,15,0,0,0,0,0,0,3,1,0,0,15,0,0,0,0,70.12,7.05981393300209,1.00722216696441,6.00919237538138,7.11111111111111,3.2396694214876,68,69
39911818,161.1639970541,1.601,11,4,1,1,0,0,0,0.25,12,1,0,50.1089,19,0,0,0,0,0,0,3,1,0,0,19,0,0,0,0,54.88,8.1237239496447,1.01307580574176,7.01887075340488,10.0833333333333,5.61224489795918,87,87
45084317,151.16899740696,2.4647,13,4,1,0,0,0,0,0.181818181818182,11,1,0,49.2243,20,0,0,0,0,0,0,3,1,0,0,20,0,0,0,0,68.87,7.36425482706988,1.01123923546094,6.28240614963196,9.09090909090909,4.13265306122449,95,91
45084318,151.16899740696,2.4647,13,4,1,0,0,0,0,0.181818181818182,11,1,0,49.2243,20,0,0,0,0,0,0,3,1,0,0,20,0,0,0,0,68.87,9.10023789916914,1.0023861663241,8.07857490944943,9.09090909090909,4.13265306122449,95,91
45122953,179.178996682167,1.8735,14,5,1,1,0,0,0,0.307692307692308,13,1,0,54.2609,22,0,0,0,0,0,0,3,2,0,0,22,0,0,0,0,71.95,7.05856148635528,1.01509002408651,5.95363102667405,11.0769230769231,5.671875,105,103
46197014,122.115432103413,1.0732,9,4,1,0,0,0,0,0.111111111111111,9,1,0,35.2233,14,0,0,0,0,0,0,3,1,0,0,14,0,0,0,0,68.87,7.03105623782363,1.00780819603227,5.97658172011778,7.11111111111111,3.2396694214876,63,63
46782812,127.126412196859,1.0732,9,4,1,0,0,0,0,0.111111111111111,9,1,0,35.2233,14,0,0,0,0,0,0,3,1,0,0,14,0,0,0,0,68.87,7.01750300767627,0.999926219198474,6.01802080287624,7.11111111111111,3.2396694214876,63,63
53971361,180.166996955872,1.4588,13,5,2,1,0,0,0,0.307692307692308,13,1,0,52.1734,21,0,0,0,0,0,0,4,2,0,0,21,0,0,0,0,99.59,7.87592354515195,1.01678400227323,6.74591607218812,11.0769230769231,5.671875,98,99
57347701,126.133303268341,1.0732,9,4,1,0,0,0,0,0.111111111111111,9,1,0,35.2233,14,0,0,0,0,0,0,3,1,0,0,14,0,0,0,0,68.87,7.01750300767627,0.999926219198474,6.01802080287624,7.11111111111111,3.2396694214876,63,63
57403250,201.616996765137,2.4311,14,6,3,0,0,0,2,0.166666666666667,12,1,0,56.4251,21,1,0,0,1,0,0,5,1,0,0,20,0,0,0,0,107.25,9.19550885713725,0.396904532734386,22.1680620873409,13,6.45333333333333,86,84
57475672,173.121996045113,2.1063,9,4,1,0,0,0,0,0.166666666666667,12,1,0,40.2913,17,2,0,0,0,0,2,3,1,0,0,17,0,0,0,0,68.87,8.29561712360323,1.0110452499342,7.20499094787607,10.0833333333333,4.296875,81,83
57734162,193.209997057915,2.886,17,6,2,0,0,0,2,0.142857142857143,14,1,0,62.5081,25,0,0,0,0,0,0,5,1,0,0,25,0,0,0,0,107.25,10.2648788306793,1.00350048158519,9.22907215197773,12.0714285714286,5.18559556786704,117,108
58292567,202.01099729538,1.7127,8,4,1,0,0,0,0,0.1,10,1,0,41.8663,14,1,0,1,0,0,0,3,1,0,0,14,0,0,0,0,68.87,7.84088718842935,1.00792742851157,6.77921799390674,8.1,3.40828402366864,64,66
58832471,137.141997694969,0.0152,10,3,1,0,0,0,0,0.2,10,1,0,42.9893,17,0,0,0,0,0,0,3,1,0,0,17,0,0,0,0,59.46,8.11406977366691,1.02879660375808,6.88695233248933,8.1,4,79,78
59693814,412.165993094444,8.9636,36,4,1,0,0,0,0,0.5,22,1,0,122.8135,53,0,0,0,0,0,0,3,1,0,0,53,0,0,0,0,68.87,12.1281654828451,0.999996521590792,11.1282076697143,20.0454545454545,10.7142857142857,271,267
60716862,167.167997002602,2.2139,14,5,1,1,0,0,0,0.25,12,1,0,50.4979,21,0,0,0,0,0,0,3,2,0,0,21,0,0,0,0,64.11,8.19669147519832,1.01935572609492,7.04105109273218,10.0833333333333,4.88888888888889,99,89
60717131,167.167997002602,2.236,14,5,1,1,0,0,0,0.333333333333333,12,1,0,50.3389,21,0,0,0,0,0,0,3,2,0,0,21,0,0,0,0,64.11,6.79278739789853,1.01911201356538,5.66539821676115,10.0833333333333,5.61224489795918,99,93
62200110,179.203998684883,1.7733,10,5,0,0,0,0,0,0.166666666666667,12,1,0,51.6395,17,0,0,0,0,0,0,3,1,0,1,17,0,0,0,0,87.3,9.76496862138522,1.08372456522961,8.01056314001361,10.0833333333333,4.88888888888889,79,78
62200111,165.176998972893,1.0886,8,5,0,0,0,0,0,0.181818181818182,11,1,0,44.5595,14,0,0,0,0,0,0,3,1,0,1,14,0,0,0,0,87.3,8.7281852371142,1.0839734833639,7.05202836699288,9.09090909090909,4.79289940828402,63,66
62268270,180.210997104645,3.3033,16,4,2,1,0,0,0,0.384615384615385,13,1,0,61.0084,25,0,0,0,0,0,0,4,1,0,0,25,0,0,0,0,82.52,9.98793710675463,1.01616820212904,8.82901953222727,11.0769230769231,6.45333333333333,120,119
66775353,188.145997405052,1.5166,14,6,2,0,0,0,2,0.166666666666667,12,1,0,48.3481,20,0,0,0,0,0,0,5,1,0,0,19,0,0,0,0,107.25,9.14182786496023,1.00741808534763,8.07451235780197,13,6.45333333333333,85,84
67405749,246.229995965958,2.1464,18,8,2,0,0,0,0,0.111111111111111,18,2,0,70.4466,28,0,0,0,0,0,0,6,2,0,0,28,0,0,0,0,137.74,7.01750300767627,0,NaN,16.0555555555556,8.99173553719008,126,126
67455690,179.22299683094,3.5356,17,4,0,0,0,0,0,0.307692307692308,13,1,0,63.2845,26,0,0,0,0,0,0,3,1,0,0,26,0,0,0,0,46.09,9.28862184985782,1.07675942645059,7.62645974735196,11.0769230769231,5.671875,127,119
67492366,173.602996826172,2.6724,12,4,2,0,0,0,0,0.1,10,1,0,50.3803,19,1,0,0,1,0,0,3,1,0,0,18,0,0,0,0,68.87,7.04909352922168,0.143640766603182,48.0744633011831,11,4.79289940828402,80,75
68663809,173.602996826172,2.6724,12,4,2,0,0,0,0,0.1,10,1,0,50.3803,19,1,0,0,1,0,0,3,1,0,0,18,0,0,0,0,68.87,8.05675878019144,0.11362698222024,69.9053309589378,11,4.79289940828402,80,75
69236564,204.101997733116,0.1662,14,7,3,2,2,0,0,0.083333333333333,12,1,0,50.0574,20,0,0,0,0,0,0,3,4,1,0,19,0,0,0,0,160.54,6.80569179093158,0.970938380663045,6.00939619493055,13,7.40816326530612,81,78
69288643,148.124997615814,0.82188,9,5,1,0,0,0,0,0.090909090909091,11,1,0,38.8813,15,0,0,0,0,0,0,4,1,0,0,15,0,0,0,0,92.66,8.49149266140849,1.01190202853976,7.39161541524156,9.09090909090909,4.13265306122449,68,71
69290759,149.152997374535,1.9622,11,4,1,0,0,0,0,0.181818181818182,11,1,0,47.4283,18,0,0,0,0,0,0,3,1,0,0,18,0,0,0,0,68.87,9.08223656594727,1.00792704788732,8.01080746367925,9.09090909090909,4.13265306122449,81,81
70592502,244.235998153687,2.0369,17,9,3,1,0,0,2,0.25,16,1,0,61.0765,24,0,0,0,0,0,0,6,3,0,1,24,0,0,0,2,161.8,8.10245095684053,1.00883521391564,7.03149101565568,14.0625,6.07438016528926,112,115
70621488,177.590996742249,2.1484,13,5,3,0,0,0,0,0.111111111111111,9,1,0,48.5721,19,1,0,0,1,0,0,3,2,0,0,17,0,0,0,0,68.87,7.01750300767627,0.144457086184123,47.5784615559243,13.5802469135802,6.69421487603306,68,63
70621697,140.145998001099,2.0397,12,4,2,0,0,0,0,0.111111111111111,9,1,0,44.0962,18,0,0,0,0,0,0,4,1,0,0,17,0,0,0,0,68.87,6.86319844075468,1.01035137565919,5.79288275950223,10,4.7603305785124,72,63
70621707,224.307996273041,5.7333,24,4,2,1,0,0,1,0.266666666666667,15,1,0,86.188,36,0,0,0,0,0,0,4,1,0,0,35,0,0,0,0,73.31,7.55357131042038,1.00736582331898,6.49833986379801,16,10.1730103806228,168,147
74219084,137.097997546196,0.7522,8,5,0,0,0,0,0,0.2,10,1,0,35.3285,13,0,0,0,0,0,0,3,2,0,0,13,0,0,0,0,72.28,7.2767720093899,1.08439185600069,5.71046353688704,8.1,4,59,62
75420757,238.077995896339,3.3456,15,6,4,0,0,0,2,0.166666666666667,12,1,0,64.5021,23,2,0,0,2,0,0,5,1,0,0,21,0,0,0,0,107.25,9.19550885713725,0.162991696482138,55.4170387547625,16.4305555555556,8.32,87,84
79194473,162.151997327805,1.34628,11,5,1,1,0,0,0,0.166666666666667,12,1,0,45.9909,18,0,0,0,0,0,0,4,1,0,0,18,0,0,0,0,78.67,8.02423104406051,1.01124435184561,6.93500703308314,10.0833333333333,4.88888888888889,84,83
79195419,148.124997615814,0.66158,9,5,1,1,0,0,0,0.181818181818182,11,1,0,38.9109,15,0,0,0,0,0,0,4,1,0,0,15,0,0,0,0,78.67,7.07017488797237,1.01147854702901,5.98994052690429,9.09090909090909,4.79289940828402,68,71
82280241,162.151997327805,1.36838,11,5,1,1,0,0,0,0.25,12,1,0,45.8319,18,0,0,0,0,0,0,4,1,0,0,18,0,0,0,0,78.67,7.91763143251075,1.0181190102826,6.77672487454397,10.0833333333333,5.61224489795918,84,85
84819943,202.01099729538,1.7127,8,4,1,0,0,0,0,0.1,10,1,0,41.8663,14,1,0,1,0,0,0,3,1,0,0,14,0,0,0,0,68.87,7.04611879481157,1.0113516546352,5.96703145984684,8.1,3.40828402366864,64,66
87669721,199.260000348091,1.1275,11,6,2,2,0,0,0,0.25,12,1,0,56.2769,17,0,0,0,0,0,0,3,1,0,2,17,0,0,0,0,125.77,8.13241271216073,1.01650201663993,7.00039014092921,10.0833333333333,4.88888888888889,77,81
87768293,151.124997258186,0.8857,10,5,1,0,0,0,0,0.181818181818182,11,1,0,40.6108,16,0,0,0,0,0,0,3,2,0,0,16,0,0,0,0,85.94,8.26257894304704,1.01173103842149,7.16677420111413,9.09090909090909,4.13265306122449,73,75
88993133,249.01099729538,1.5305,8,4,1,1,0,0,0,0.2,10,1,0,47.3179,14,1,0,0,0,1,0,3,1,0,0,14,0,0,0,0,54.88,7.10403033337872,1.01511267332477,5.99826779830367,8.1,4,64,66
89057723,163.179997086525,2.3998,13,4,1,1,0,0,0,0.25,12,1,0,53.5869,21,0,0,0,0,0,0,3,1,0,0,21,0,0,0,0,54.88,7.98221460258022,1.01736369838838,6.84597938301217,10.0833333333333,4.88888888888889,97,93
89717684,173.121996045113,1.946,9,4,1,1,0,0,0,0.25,12,1,0,40.3209,17,2,0,0,0,0,2,3,1,0,0,17,0,0,0,0,54.88,7.4133948963817,1.0113713104564,6.33004270512305,10.0833333333333,4.88888888888889,81,83
89725125,191.111995220184,1.7003,8,4,1,1,0,0,0,0.230769230769231,13,1,0,39.3529,17,3,0,0,0,0,3,3,1,0,0,17,0,0,0,0,54.88,7.54050659239463,1.00771993331851,6.48274033596132,11.0769230769231,4.48148148148148,82,87
90020395,216.03799700737,2.3974,10,4,1,0,0,0,0,0.090909090909091,11,1,0,48.9463,17,1,0,1,0,0,0,3,1,0,0,17,0,0,0,0,68.87,7.96607620991748,1.01082224439244,6.88078839193482,9.09090909090909,3.6,80,78
119034,487.700989127159,13.2615,51,5,3,4,1,3,0,0.051282051282051,39,0,0,187.9879,82,0,0,0,0,0,0,0,5,0,0,86,0,0,0,0,100.82,14.1677956076441,0.964803362106747,13.6846457673067,26.6009204470743,8.24816217420361,476,554
73659,471.701989531517,14.1174,50,4,2,3,1,2,0,0.026315789473684,38,0,0,186.2281,81,0,0,0,0,0,0,0,4,0,0,85,0,0,0,0,80.59,12.848134875805,0.969419039204765,12.2534377355994,25.6412742382271,7.52773446201827,472,546
73398,469.685989499092,14.0504,48,4,1,2,1,1,0,0.026315789473684,38,0,0,182.8143,79,0,0,0,0,0,0,0,4,0,0,83,0,0,0,0,77.43,13.2211147848247,0.981309940673424,12.4729245438518,25.6412742382271,7.52773446201827,462,534
64945,455.702989935875,15.4029,49,3,1,2,1,1,0,0.027027027027027,37,0,0,184.9883,80,0,0,0,0,0,0,0,3,0,0,84,0,0,0,0,60.36,13.5091274438822,0.969094012490627,12.939955535545,24.6837107377648,7.5078125,468,538
10494,455.702989935875,15.1881,49,3,1,2,1,1,0,0.027027027027027,37,0,0,184.7283,80,0,0,0,0,0,0,0,3,0,0,84,0,0,0,0,60.36,10.9568130725279,0.942422354640249,10.6262236550091,24.6837107377648,7.27857988165681,468,538
10114,469.685989499092,14.0504,48,4,1,2,1,1,0,0.026315789473684,38,0,0,182.8143,79,0,0,0,0,0,0,0,4,0,0,83,0,0,0,0,77.43,13.7549577399813,0.974396067239061,13.116392915004,25.6412742382271,7.52773446201827,462,534
3230,469.685989499092,14.0504,48,4,1,2,1,1,0,0.026315789473684,38,0,0,182.8143,79,0,0,0,0,0,0,0,4,0,0,83,0,0,0,0,77.43,11.5513042256386,0.978994943023084,10.7991459587818,25.6412742382271,7.52773446201827,462,534
18526330,469.685989499092,14.0504,48,4,1,2,1,1,0,0.026315789473684,38,0,0,182.8143,79,0,0,0,0,0,0,0,4,0,0,83,0,0,0,0,77.43,12.3153084082651,0.731759610573878,15.8297187085892,25.6412742382271,7.52773446201827,462,534
12305517,455.702989935875,15.1881,49,3,1,2,1,1,0,0.027027027027027,37,0,0,184.7283,80,0,0,0,0,0,0,0,3,0,0,84,0,0,0,0,60.36,14.6707610549376,0.973649371712431,14.0678072426987,24.6837107377648,7.27857988165681,468,538
12193680,469.685989499092,14.0504,48,4,1,2,1,1,0,0.026315789473684,38,0,0,182.8143,79,0,0,0,0,0,0,0,4,0,0,83,0,0,0,0,77.43,14.2580493693482,0.980470684806449,13.5420455606613,25.6412742382271,7.52773446201827,462,534
11869658,455.702989935875,15.1881,49,3,1,2,1,1,0,0.027027027027027,37,0,0,184.7283,80,0,0,0,0,0,0,0,3,0,0,84,0,0,0,0,60.36,10.7325370356547,0.96977857704798,10.0669974462879,24.6837107377648,7.27857988165681,468,538
10434225,455.702989935875,15.1881,49,3,1,2,1,1,0,0.027027027027027,37,0,0,184.7283,80,0,0,0,0,0,0,0,3,0,0,84,0,0,0,0,60.36,12.0487477810616,0.971138662279648,11.4068253577491,24.6837107377648,7.27857988165681,468,538
9897771,469.685989499092,14.0504,48,4,1,2,1,1,0,0.026315789473684,38,0,0,182.8143,79,0,0,0,0,0,0,0,4,0,0,83,0,0,0,0,77.43,13.0353532260977,0.961991936589255,12.5503768070184,25.6412742382271,7.52773446201827,462,534
9847548,469.685989499092,14.2652,48,4,1,2,1,1,0,0.026315789473684,38,0,0,183.0743,79,0,0,0,0,0,0,0,4,0,0,83,0,0,0,0,77.43,12.8407343475913,0.971099487058874,12.2228824324493,25.6412742382271,7.75757575757576,462,534
220774,455.702989935875,15.4029,49,3,1,2,1,1,0,0.027027027027027,37,0,0,184.9883,80,0,0,0,0,0,0,0,3,0,0,84,0,0,0,0,60.36,10.974383039151,0.925613486399116,10.8563344208005,24.6837107377648,7.5078125,468,538
168928,455.702989935875,15.4029,49,3,1,2,1,1,0,0.027027027027027,37,0,0,184.9883,80,0,0,0,0,0,0,0,3,0,0,84,0,0,0,0,60.36,14.4610933311391,0.972248962112935,13.8738583373868,24.6837107377648,7.5078125,468,538
92825,469.685989499092,14.0504,48,4,1,2,1,1,0,0.052631578947369,38,0,0,182.8143,79,0,0,0,0,0,0,0,4,0,0,83,0,0,0,0,77.43,10.9763467734162,0.976995638953125,10.2347960786986,25.6412742382271,7.75757575757576,462,537
68265830,469.685989499092,14.0504,48,4,1,2,1,1,0,0.026315789473684,38,0,0,182.8143,79,0,0,0,0,0,0,0,4,0,0,83,0,0,0,0,77.43,14.5902132862208,0.961847993685215,14.168938732533,25.6412742382271,7.52773446201827,462,534
9804114,455.702989935875,15.1881,49,3,1,2,1,1,0,0.027027027027027,37,0,0,184.7283,80,0,0,0,0,0,0,0,3,0,0,84,0,0,0,0,60.36,14.6697241644484,0.97490150901315,14.0473909711125,24.6837107377648,7.27857988165681,468,538
6710742,503.699988722801,12.1908,52,6,4,5,1,4,0,0.05,40,0,0,189.4877,83,0,0,0,0,0,0,0,6,0,0,87,0,0,0,0,121.05,14.4753419419548,0.951172876122198,14.2184132930375,27.5625,8.49821466078555,480,562
5702287,469.685989499092,14.0504,48,4,1,2,1,1,0,0.026315789473684,38,0,0,182.8143,79,0,0,0,0,0,0,0,4,0,0,83,0,0,0,0,77.43,14.6073078711976,0.970748092850823,14.0474752191374,25.6412742382271,7.52773446201827,462,534
3778105,497.739988923073,16.6811,52,4,0,1,1,0,0,0.075,40,0,0,196.5015,85,0,0,0,0,0,0,0,4,0,0,89,0,0,0,0,66.43,11.7017708137555,0.988171373590041,10.8418435571988,27.5625,8.75,494,559
471426,487.700989127159,12.8416,51,5,3,4,1,3,0,0.025641025641026,39,0,0,188.0259,82,0,0,0,0,0,0,0,5,0,0,86,0,0,0,0,100.82,13.7629350377046,0.964200407215455,13.2739361389102,26.6009204470743,7.77693761814745,476,554
94320,511.72298848629,15.3286,51,5,0,1,1,0,0,0.073170731707317,41,0,0,194.3275,84,0,0,0,0,0,0,0,5,0,0,88,0,0,0,0,83.5,14.6768054539133,0.976707075870659,14.0268241282373,28.5258774538965,8.74826423328705,488,555
73299,471.701989531517,14.1174,50,4,2,3,1,2,0,0.052631578947369,38,0,0,186.2281,81,0,0,0,0,0,0,0,4,0,0,85,0,0,0,0,80.59,10.9821796953828,0.96993727141603,10.3225669525512,25.6412742382271,7.75757575757576,472,546
133568304,469.685989499092,14.0504,48,4,1,2,1,1,0,0.026315789473684,38,0,0,182.8143,79,0,0,0,0,0,0,0,4,0,0,83,0,0,0,0,77.43,14.3114119032422,0.972188243704919,13.7208238691539,25.6412742382271,7.52773446201827,462,534
131752024,469.685989499092,14.2652,48,4,1,2,1,1,0,0.026315789473684,38,0,0,183.0743,79,0,0,0,0,0,0,0,4,0,0,83,0,0,0,0,77.43,14.319536865356,0.97640629401469,13.6655515773852,25.6412742382271,7.75757575757576,462,533
131752020,471.701989531517,14.1174,50,4,2,3,1,2,0,0.026315789473684,38,0,0,186.2281,81,0,0,0,0,0,0,0,4,0,0,85,0,0,0,0,80.59,10.8601584392396,0.71504331690494,14.1881126394521,25.6412742382271,7.52773446201827,472,542
101768915,455.702989935875,15.1881,49,3,1,2,1,1,0,0.027027027027027,37,0,0,184.7283,80,0,0,0,0,0,0,0,3,0,0,84,0,0,0,0,60.36,12.4523639550079,0.968420463811835,11.8584271195527,24.6837107377648,7.27857988165681,468,534
73744576,471.701989531517,14.1174,50,4,2,3,1,2,0,0.052631578947369,38,0,0,186.2281,81,0,0,0,0,0,0,0,4,0,0,85,0,0,0,0,80.59,14.5831531419061,0.957301629266019,14.2336031780153,25.6412742382271,7.75757575757576,472,546
73657088,442.683990240097,13.1448,49,3,2,2,0,2,0,0,36,0,0,181.0326,78,0,0,0,0,0,0,0,3,0,0,82,0,0,0,0,57.53,10.7247696957701,0.923839238229986,10.6089133822872,23.7283950617284,6.8115234375,452,520
73242194,453.68698990345,14.7915,47,3,1,2,1,1,0,0.027027027027027,37,0,0,182.4003,78,0,0,0,0,0,0,0,3,0,0,82,0,0,0,0,60.36,12.3568963259321,0.742968348616679,15.6317937351426,24.6837107377648,7.5078125,454,523
73091028,653.088985919952,25.169,79,3,1,1,0,1,0,0.274509803921569,51,0,0,284.3948,123,0,0,0,0,0,0,0,3,0,0,127,0,0,0,0,46.53,22.0607609048377,0.961944381351045,21.9335098083878,38.2360630526721,14.9254927095017,692,754
72827740,681.142985343933,26.5826,83,3,1,1,0,1,0,0.30188679245283,53,0,0,298.2368,129,0,0,0,0,0,0,0,3,0,0,133,0,0,0,0,46.53,22.5729214458938,0.96134502394173,22.4805620081537,40.1908152367391,16.1609510745313,724,786
72779023,625.034986495972,23.7554,75,3,1,1,0,1,0,0.244897959183673,49,0,0,270.5528,117,0,0,0,0,0,0,0,3,0,0,121,0,0,0,0,46.53,21.4433734097052,0.961693842107468,21.2975051630922,36.2848812994586,13.721706864564,660,722
70680338,485.684989094734,12.6501,49,5,3,4,1,3,0,0.051282051282051,39,0,0,185.3999,80,0,0,0,0,0,0,0,5,0,0,84,0,0,0,0,100.82,12.7921957459266,0.96038980117562,12.3197954937334,26.6009204470743,8.24816217420361,462,539
49857633,478.692989706993,13.5554,49,3,1,2,1,1,0,0.027027027027027,37,0,0,184.7283,81,0,0,0,0,0,0,0,3,0,0,84,0,0,0,0,60.36,11.1905213883446,0.978274927664901,10.439035256741,27.0460189919649,7.99810650887574,465,535
25564831,471.701989531517,14.1174,50,4,2,3,1,2,0,0.026315789473684,38,0,0,186.2281,81,0,0,0,0,0,0,0,4,0,0,85,0,0,0,0,80.59,12.1929589249205,0.974020012633674,11.5181811120612,25.6412742382271,7.52773446201827,472,546
23757202,487.700989127159,13.0467,51,5,3,4,1,3,0,0.051282051282051,39,0,0,187.7279,82,0,0,0,0,0,0,0,5,0,0,86,0,0,0,0,100.82,11.2287718562274,0.945021185389815,10.8820318843917,26.6009204470743,8.00735294117647,476,554
23132225,487.700989127159,13.2615,51,5,3,4,1,3,0,0.025641025641026,39,0,0,187.9879,82,0,0,0,0,0,0,0,5,0,0,86,0,0,0,0,100.82,11.4707785613424,0.978293014363421,10.7252994684894,26.6009204470743,8.00735294117647,476,554
21592329,500.675988674164,13.0404,48,6,2,4,2,2,0,0.05,40,0,0,182.8866,80,0,0,0,0,0,0,0,6,0,0,84,0,0,0,0,120.72,11.5947605687697,0.965748548344179,11.0059829120628,27.5625,8.25714285714286,470,551
20055661,440.711990356445,15.1274,50,2,1,1,0,1,0,0,36,0,0,186.1558,80,0,0,0,0,0,0,0,2,0,0,84,0,0,0,0,37.3,10.5564810990648,0.774180124579703,12.6356911833611,23.7283950617284,6.8115234375,464,529
15560324,484.676989078522,14.1111,47,5,1,3,2,1,0,0.051282051282051,39,0,0,181.3868,79,0,0,0,0,0,0,0,5,0,0,83,0,0,0,0,100.49,11.5533642803516,0.966858544043319,10.9493842729428,26.6009204470743,8.00735294117647,466,543
14423521,440.711990356445,15.3422,50,2,1,1,0,1,0,0.027777777777778,36,0,0,186.4158,80,0,0,0,0,0,0,0,2,0,0,84,0,0,0,0,37.3,14.1828612411132,0.978652746687151,13.4922305579009,23.7283950617284,7.25806451612903,464,532
14158843,487.700989127159,13.0467,51,5,3,4,1,3,0,0.051282051282051,39,0,0,187.7279,82,0,0,0,0,0,0,0,5,0,0,86,0,0,0,0,100.82,12.0037769320395,0.972092812954625,11.3483856397977,26.6009204470743,8.00735294117647,476,554
14055735,503.699988722801,11.7709,52,6,4,5,1,4,0,0.05,40,0,0,189.5257,83,0,0,0,0,0,0,0,6,0,0,87,0,0,0,0,121.05,10.8021833694214,0.958999488800699,10.2640136888189,27.5625,8.25714285714286,480,562
13893949,453.68698990345,15.3359,47,3,0,1,1,0,0,0.027027027027027,37,0,0,181.5745,78,0,0,0,0,0,0,0,3,0,0,82,0,0,0,0,57.2,10.9073410724969,0.992418036746889,9.99067194329801,24.6837107377648,7.5078125,458,525
13878339,515.710988402367,13.6181,52,6,2,3,1,2,0,0.097560975609756,41,0,0,192.3201,84,0,0,0,0,0,0,0,6,0,0,88,0,0,0,0,106.89,12.741170736487,0.957209500816301,12.3107441219727,28.5258774538965,9,486,559
13632872,456.710989952087,14.0567,51,3,2,2,0,2,0,0.027027027027027,37,0,0,187.6556,81,0,0,0,0,0,0,0,3,0,0,85,0,0,0,0,57.53,10.7484520490706,0.962041518482138,10.1725448876977,24.6837107377648,7.27857988165681,468,536
12315243,453.68698990345,14.7915,47,3,1,2,1,1,0,0.027027027027027,37,0,0,182.4003,78,0,0,0,0,0,0,0,3,0,0,82,0,0,0,0,60.36,12.2037711069611,0.965951883374998,11.633932721702,24.6837107377648,7.5078125,454,515
12310283,456.710989952087,14.0567,51,3,2,2,0,2,0,0.027027027027027,37,0,0,187.6556,81,0,0,0,0,0,0,0,3,0,0,85,0,0,0,0,57.53,14.7660161023844,0.969931793710176,14.2237674835892,24.6837107377648,7.27857988165681,468,537
12305894,487.700989127159,13.0467,51,5,3,4,1,3,0,0.025641025641026,39,0,0,187.7279,82,0,0,0,0,0,0,0,5,0,0,86,0,0,0,0,100.82,10.8818124252881,0.967779323475693,10.2441050984713,26.6009204470743,7.77693761814745,476,554
12305221,487.700989127159,13.0467,51,5,3,4,1,3,0,0.051282051282051,39,0,0,187.7279,82,0,0,0,0,0,0,0,5,0,0,86,0,0,0,0,100.82,13.2088358905107,0.969361831780596,12.6263214183374,26.6009204470743,8.00735294117647,476,554
11386458,497.739988923073,16.6811,52,4,0,1,1,0,0,0.075,40,0,0,196.5015,85,0,0,0,0,0,0,0,4,0,0,89,0,0,0,0,66.43,12.4377711322916,0.983493517291337,11.6465207076776,27.5625,8.75,494,559
10321055,440.711990356445,15.1274,50,2,1,1,0,1,0,0.027777777777778,36,0,0,186.1558,80,0,0,0,0,0,0,0,2,0,0,84,0,0,0,0,37.3,10.8525210733235,0.449984892698291,23.1175231644943,23.7283950617284,7.02947845804989,464,532
9981416,453.68698990345,15.1211,47,3,0,1,1,0,0,0.027027027027027,37,0,0,181.3145,78,0,0,0,0,0,0,0,3,0,0,82,0,0,0,0,57.2,13.8554523069749,0.989276705227461,13.0056389013923,24.6837107377648,7.27857988165681,458,525
7163177,455.702989935875,15.4029,49,3,1,2,1,1,0,0.027027027027027,37,0,0,184.9883,80,0,0,0,0,0,0,0,3,0,0,84,0,0,0,0,60.36,11.0711145533588,0.957833142601039,10.5585001822914,24.6837107377648,7.5078125,468,538
5702158,469.685989499092,14.0504,48,4,1,2,1,1,0,0.026315789473684,38,0,0,182.8143,79,0,0,0,0,0,0,0,4,0,0,83,0,0,0,0,77.43,13.4697435190278,0.965883416213252,12.9455169153188,25.6412742382271,7.52773446201827,462,534
5257561,454.694989919663,14.567,49,3,1,1,0,1,0,0,38,1,0,183.0128,79,0,0,0,0,0,0,0,3,0,0,84,0,0,0,0,46.53,12.3405776742739,0.874218642289864,13.1161227607202,23.4016620498615,6.65051903114187,468,546
3838010,471.701989531517,13.9123,50,4,2,3,1,2,0,0.026315789473684,38,0,0,186.5261,81,0,0,0,0,0,0,0,4,0,0,85,0,0,0,0,80.59,10.3303216935072,0.711697692167041,13.5150417195431,25.6412742382271,7.52773446201827,472,546
637234,455.702989935875,15.1881,49,3,1,2,1,1,0,0.027027027027027,37,0,0,184.7283,80,0,0,0,0,0,0,0,3,0,0,84,0,0,0,0,60.36,11.9342986290936,0.961999296815703,11.4057248987574,24.6837107377648,7.27857988165681,468,538
629042,484.720989227295,14.6281,52,4,1,1,0,1,0,0.051282051282051,39,0,0,192.2478,83,0,0,0,0,0,0,0,4,0,0,87,0,0,0,0,63.6,11.1424388219606,0.9776724068924,10.3969042630318,26.6009204470743,8.00735294117647,478,542
622032,503.699988722801,11.976,52,6,4,5,1,4,0,0.05,40,0,0,189.2277,83,0,0,0,0,0,0,0,6,0,0,87,0,0,0,0,121.05,10.9263789061029,0.957316471813222,10.413549466466,27.5625,8.25714285714286,480,562
619166,455.702989935875,15.1881,49,3,1,2,1,1,0,0.027027027027027,37,0,0,184.7283,80,0,0,0,0,0,0,0,3,0,0,84,0,0,0,0,60.36,11.0538956230526,0.879997215038496,11.5612847792581,24.6837107377648,7.27857988165681,468,538
619164,497.739988923073,16.6811,52,4,0,1,1,0,0,0.075,40,0,0,196.5015,85,0,0,0,0,0,0,0,4,0,0,89,0,0,0,0,66.43,11.6853077871735,0.989151691608371,10.8134638865886,27.5625,8.75,494,559
490367,503.699988722801,11.7709,52,6,4,5,1,4,0,0.05,40,0,0,189.5257,83,0,0,0,0,0,0,0,6,0,0,87,0,0,0,0,121.05,11.2064955626795,0.961682329812843,10.6530118265358,27.5625,8.25714285714286,480,562
440167,469.685989499092,14.0504,48,4,1,2,1,1,0,0.026315789473684,38,0,0,182.8143,79,0,0,0,0,0,0,0,4,0,0,83,0,0,0,0,77.43,12.5376875119887,0.973953049459463,11.8729896363557,25.6412742382271,7.52773446201827,462,534
436072,500.675988674164,13.0404,48,6,2,4,2,2,0,0.05,40,0,0,182.8866,80,0,0,0,0,0,0,0,6,0,0,84,0,0,0,0,120.72,11.6055651198165,0.968490981145974,10.983142172459,27.5625,8.25714285714286,470,551
296191,487.700989127159,13.2615,51,5,3,4,1,3,0,0.051282051282051,39,0,0,187.9879,82,0,0,0,0,0,0,0,5,0,0,86,0,0,0,0,100.82,10.6601187725418,0.966224284456628,10.0327580707999,26.6009204470743,8.24816217420361,476,554
258809,503.699988722801,12.1908,52,6,4,5,1,4,0,0.05,40,0,0,189.4877,83,0,0,0,0,0,0,0,6,0,0,87,0,0,0,0,121.05,12.2867858480427,0.977741128762653,11.5665019979182,27.5625,8.49821466078555,480,562
161527,455.702989935875,15.1881,49,3,1,2,1,1,0,0.027027027027027,37,0,0,184.7283,80,0,0,0,0,0,0,0,3,0,0,84,0,0,0,0,60.36,11.6525385572696,0.962898174810085,11.1015273079813,24.6837107377648,7.27857988165681,468,538
158477,454.694989919663,14.567,49,3,1,1,0,1,0,0,38,1,0,183.0128,79,0,0,0,0,0,0,0,3,0,0,84,0,0,0,0,46.53,10.9231153354374,0.96020472348426,10.375819206347,23.4016620498615,6.65051903114187,468,546
120678,484.676989078522,14.3259,47,5,1,3,2,1,0,0.051282051282051,39,0,0,181.6468,79,0,0,0,0,0,0,0,5,0,0,83,0,0,0,0,100.49,11.3036914077804,0.979356357669291,10.5419594913146,26.6009204470743,8.24816217420361,466,543
112111,469.685989499092,14.0504,48,4,1,2,1,1,0,0.026315789473684,38,0,0,182.8143,79,0,0,0,0,0,0,0,4,0,0,83,0,0,0,0,77.43,13.7740096025268,0.973364449344276,13.1509273446405,25.6412742382271,7.52773446201827,462,534
102135,484.720989227295,14.6281,52,4,1,1,0,1,0,0.051282051282051,39,0,0,192.2478,83,0,0,0,0,0,0,0,4,0,0,87,0,0,0,0,63.6,13.9669220498101,0.975832017280234,13.3128343838704,26.6009204470743,8.00735294117647,478,542
101810,485.684989094734,12.9797,49,5,2,3,1,2,0,0.051282051282051,39,0,0,184.3141,80,0,0,0,0,0,0,0,5,0,0,84,0,0,0,0,97.66,10.8852453428731,0.965154827157351,10.2782374771239,26.6009204470743,8.00735294117647,466,545
73412,503.699988722801,12.1908,52,6,4,5,1,4,0,0.05,40,0,0,189.4877,83,0,0,0,0,0,0,0,6,0,0,87,0,0,0,0,121.05,10.407835197429,0.962377254014221,9.81471445217179,27.5625,8.49821466078555,480,562
65048,500.675988674164,13.0404,48,6,2,4,2,2,0,0.05,40,0,0,182.8866,80,0,0,0,0,0,0,0,6,0,0,84,0,0,0,0,120.72,13.9121037871393,0.967407839718126,13.3808052984074,27.5625,8.25714285714286,470,551
131752867,469.685989499092,14.0504,48,4,1,2,1,1,0,0.026315789473684,38,0,0,182.8143,79,0,0,0,0,0,0,0,4,0,0,83,0,0,0,0,77.43,12.6728730425729,0.970157466334516,12.0626970180975,25.6412742382271,7.52773446201827,462,533
131752454,453.68698990345,14.5767,47,3,1,2,1,1,0,0.027027027027027,37,0,0,182.1403,78,0,0,0,0,0,0,0,3,0,0,82,0,0,0,0,60.36,15.0754146268455,0.976762991004803,14.4340559231644,24.6837107377648,7.27857988165681,454,520
131752023,471.701989531517,14.3322,50,4,2,3,1,2,0,0.026315789473684,38,0,0,186.4881,81,0,0,0,0,0,0,0,4,0,0,85,0,0,0,0,80.59,11.6404159793505,0.962977147139272,11.0879462341664,25.6412742382271,7.75757575757576,472,546
131752021,487.700989127159,13.0467,51,5,3,4,1,3,0,0.051282051282051,39,0,0,187.7279,82,0,0,0,0,0,0,0,5,0,0,86,0,0,0,0,100.82,11.3048226642653,0.969669152929885,10.6584328068058,26.6009204470743,8.00735294117647,476,554
131751692,484.720989227295,14.0837,52,4,2,2,0,2,0,0.076923076923077,39,0,0,193.0736,83,0,0,0,0,0,0,0,4,0,0,87,0,0,0,0,66.76,14.8456794760222,0.951805685668825,14.5973847388716,26.6009204470743,8.24816217420361,474,536
131751688,469.685989499092,13.506,48,4,2,3,1,2,0,0.052631578947369,38,0,0,183.6401,79,0,0,0,0,0,0,0,4,0,0,83,0,0,0,0,80.59,11.8087929364349,0.971918091472023,11.1499877819435,25.6412742382271,7.75757575757576,458,528
131751570,596.980987071991,22.127,71,3,1,1,0,1,0,0.234042553191489,47,0,0,256.4508,111,0,0,0,0,0,0,0,3,0,0,115,0,0,0,0,46.53,18.6690475039171,0.575079099248916,31.463442904289,34.337709370756,12.5514666666667,628,690
124222344,681.142985343933,26.3678,83,3,1,1,0,1,0,0.320754716981132,53,0,0,297.9768,129,0,0,0,0,0,0,0,3,0,0,133,0,0,0,0,46.53,24.7348295118083,0.945337298847481,25.1650836605771,40.1908152367391,16.1609510745313,724,786
90658533,440.711990356445,15.1274,50,2,1,1,0,1,0,0,36,0,0,186.1558,80,0,0,0,0,0,0,0,2,0,0,84,0,0,0,0,37.3,11.1430672689177,0.990738946816767,10.2472284497549,23.7283950617284,6.8115234375,464,529
78172989,917.629980564117,40.3757,118,2,0,0,0,0,0,0.485714285714286,70,0,0,421.315,182,0,0,0,0,0,0,0,2,0,0,186,0,0,0,0,26.3,38.1627838152026,1.06674765849591,34.7748934448201,56.9081632653061,28.2963120416622,1008,1066
77503897,469.685989499092,14.0504,48,4,1,2,1,1,0,0.026315789473684,38,0,0,182.8143,79,0,0,0,0,0,0,0,4,0,0,83,0,0,0,0,77.43,11.33856803385,0.989990616129052,10.4532075851232,25.6412742382271,7.52773446201827,462,533
76334292,722.171984314919,27.9899,84,4,0,1,1,0,0,0.339285714285714,56,0,0,307.2375,133,0,0,0,0,0,0,0,4,0,0,137,0,0,0,0,66.43,19.1728908480394,0.985676987825002,18.4514948455339,43.1288265306123,18.0697278911565,750,815
76064992,485.684989094734,12.9797,49,5,2,3,1,2,0,0.051282051282051,39,0,0,184.3141,80,0,0,0,0,0,0,0,5,0,0,84,0,0,0,0,97.66,11.0062045938667,0.966957930726862,10.3822993163657,26.6009204470743,8.00735294117647,466,542
75144805,485.684989094734,12.9797,49,5,2,3,1,2,0,0.025641025641026,39,0,0,184.3141,80,0,0,0,0,0,0,0,5,0,0,84,0,0,0,0,97.66,11.0597265369876,0.973809800871183,10.3571731636849,26.6009204470743,7.77693761814745,466,542
75006725,456.710989952087,14.0567,51,3,2,2,0,2,0,0.027027027027027,37,0,0,187.6556,81,0,0,0,0,0,0,0,3,0,0,85,0,0,0,0,57.53,11.3035248488551,0.97103606878965,10.6406848439156,24.6837107377648,7.27857988165681,468,540
73313071,469.685989499092,14.0504,48,4,1,2,1,1,0,0.026315789473684,38,0,0,182.8143,79,0,0,0,0,0,0,0,4,0,0,83,0,0,0,0,77.43,10.3051240769158,0.996683277627379,9.33941705277463,25.6412742382271,7.52773446201827,462,533
73242193,455.702989935875,15.4029,49,3,1,2,1,1,0,0.027027027027027,37,0,0,184.9883,80,0,0,0,0,0,0,0,3,0,0,84,0,0,0,0,60.36,12.6014474996743,0.960804306560339,12.1155193764558,24.6837107377648,7.5078125,468,538
73021944,471.701989531517,13.9123,50,4,2,3,1,2,0,0.026315789473684,38,0,0,186.5261,81,0,0,0,0,0,0,0,4,0,0,85,0,0,0,0,80.59,11.5945576775434,0.960065928030285,11.0768348704253,25.6412742382271,7.52773446201827,472,546
71586807,736.154983878136,26.6374,83,5,0,1,1,0,0,0.333333333333333,57,0,0,305.0635,132,0,0,0,0,0,0,0,5,0,0,136,0,0,0,0,83.5,17.0576580263892,0.908816203696075,17.7690953979663,44.1095721760542,17.8692033293698,744,811
70698333,454.694989919663,13.9897,49,3,1,1,0,1,0,0.027027027027027,37,0,0,184.2418,79,0,0,0,0,0,0,0,3,0,0,83,0,0,0,0,54.37,12.6609232973464,0.964503282621054,12.1268846104288,24.6837107377648,7.27857988165681,458,528
70684863,469.685989499092,13.7208,48,4,2,3,1,2,0,0.052631578947369,38,0,0,183.9001,79,0,0,0,0,0,0,0,4,0,0,83,0,0,0,0,80.59,12.0866666850665,0.978630202259578,11.3505964328092,25.6412742382271,7.99810650887574,458,531
69570248,487.700989127159,13.0467,51,5,3,4,1,3,0,0.051282051282051,39,0,0,187.7279,82,0,0,0,0,0,0,0,5,0,0,86,0,0,0,0,100.82,13.089693870301,0.974058455152218,12.4383042424856,26.6009204470743,8.00735294117647,476,554
969516,368.384991168976,5.6954,26,6,2,2,0,0,0,0.285714285714286,28,0,0,124.619,47,0,0,0,0,0,0,0,6,0,0,48,0,0,0,0,93.06,15.4038112724042,0.969038401334761,14.8959761049582,23.280612244898,11.8699780861943,228,232
5469424,338.358991861343,5.0225,23,5,2,2,0,0,0,0.269230769230769,26,0,0,116.013,43,0,0,0,0,0,0,0,5,0,0,44,0,0,0,0,83.83,14.2143678028029,0.96928558106249,13.6647882528302,21.301775147929,10.9826989619377,208,218
5354238,192.213995456696,3.4471,15,3,1,1,0,0,0,0.214285714285714,14,0,0,67.884,26,0,0,0,0,0,0,0,3,0,0,26,0,0,0,0,46.53,9.93257445283213,0.969320153940288,9.24694927930281,12.0714285714286,5.77777777777778,122,116
5281794,276.375993728638,7.579,27,3,1,1,0,0,0,0.45,20,0,0,108.618,44,0,0,0,0,0,0,0,3,0,0,44,0,0,0,0,46.53,9.08700444517607,0.969610637168005,8.37180771006905,18.05,10.6875,218,211
6850776,568.794987201691,16.4762,58,6,2,2,0,0,0,0.463414634146342,41,0,0,226.745,93,0,0,0,0,0,0,0,6,0,0,93,0,0,0,0,93.06,12.8233840867089,0.966860961995043,12.2629039652701,39.0243902439024,24.336,466,452
124072,372.416991233826,6.7004,30,6,2,2,0,0,0,0.357142857142857,28,0,0,128.211,51,0,0,0,0,0,0,0,6,0,0,52,0,0,0,0,93.06,13.0766931581994,0.969269955402403,12.4912808194602,23.280612244898,11.8699780861943,256,258
66645351,448.448991298676,6.9481,28,9,2,2,1,0,0,0.3125,32,0,0,135.2268,51,0,0,0,0,0,0,0,9,0,1,52,0,0,0,2,147.64,18.0078614183314,0.969419279886806,17.5759266314923,27.24609375,13.0320247933884,250,256
10429233,370.400991201401,6.1979,28,6,2,2,0,0,0,0.321428571428571,28,0,0,126.415,49,0,0,0,0,0,0,0,6,0,0,50,0,0,0,0,93.06,12.908745845025,0.968419458744843,12.3297051483826,23.280612244898,11.8699780861943,242,245
6442612,332.483992576599,10.4062,35,3,1,1,0,0,0,0.541666666666667,24,0,0,136.302,56,0,0,0,0,0,0,0,3,0,0,56,0,0,0,0,46.53,12.3671802638314,0.980901187020801,11.6079776714238,22.0416666666667,14.1989795918367,282,275
6442560,304.429993152618,8.9926,31,3,1,1,0,0,0,0.5,22,0,0,122.46,50,0,0,0,0,0,0,0,3,0,0,50,0,0,0,0,46.53,11.0737277562472,0.970137291857584,10.4145985822725,20.0454545454545,12.4260355029586,250,243
5469426,354.357991456985,4.2072,24,6,3,3,0,0,0,0.259259259259259,27,0,0,118.374,44,0,0,0,0,0,0,0,6,0,0,45,0,0,0,0,104.06,15.0055955171255,0.969214933886682,14.4822165780618,22.2908093278464,11.1111111111111,212,224
5317593,326.391992330551,6.5538,26,4,2,2,0,0,0,0.32,25,0,0,118.931,46,0,0,0,0,0,0,0,4,0,0,47,0,0,0,0,66.76,9.87721730477486,0.970050051169766,9.18217286094063,20.3136,10.87109375,228,235
5281775,356.417991638184,7.2267,29,5,2,2,0,0,0,0.333333333333333,27,0,0,127.537,50,0,0,0,0,0,0,0,5,0,0,51,0,0,0,0,75.99,11.175546460753,0.96972781506249,10.5244157042487,22.2908093278464,11.7551020408163,248,249
5280698,272.299993515015,5.0482,20,4,2,2,0,0,0,0.19047619047619,21,0,0,96.43,36,0,0,0,0,0,0,0,4,0,0,37,0,0,0,0,58.92,13.641361997249,0.968849461478313,13.0799603443391,16.3718820861678,7.85204081632653,174,175
637429,384.383990764618,5.627,27,7,2,2,0,0,0,0.310344827586207,29,0,0,125.704,48,0,0,0,0,0,0,0,7,0,0,49,0,0,0,0,102.29,14.0953108117051,0.969332957758346,13.5412478745194,24.2711058263971,12.6398891966759,232,234
637308,314.336992502213,5.1807,23,5,2,2,0,0,0,0.291666666666667,24,0,0,106.966,41,0,0,0,0,0,0,0,5,0,0,42,0,0,0,0,75.99,13.2074687662835,0.968686283108039,12.6344129122044,19.3263888888889,10.0957336108221,200,206
162952,292.37499332428,7.0527,28,4,1,1,0,0,0,0.476190476190476,21,0,0,109.292,45,0,0,0,0,0,0,0,4,0,0,45,0,0,0,0,63.6,10.6412796890044,0.969582391054727,9.97511649054251,19.047619047619,10.6804733727811,226,220
11152,276.375993728638,7.579,27,3,1,1,0,0,0,0.45,20,0,0,108.618,44,0,0,0,0,0,0,0,3,0,0,44,0,0,0,0,46.53,9.77333560920636,0.976051748354199,9.01313262917256,18.05,10.6875,218,211
131752986,326.347992181778,5.4195,23,5,2,2,0,0,0,0.24,25,0,0,112.691,42,0,0,0,0,0,0,0,5,0,0,43,0,0,0,0,75.99,10.358691102901,0.967045671458988,9.71168757445837,20.3136,10.2222222222222,202,205
131752598,318.412992715836,7.9638,30,4,1,1,0,0,0,0.478260869565217,23,0,0,121.338,49,0,0,0,0,0,0,0,4,0,0,49,0,0,0,0,63.6,11.590332185502,0.971328413276617,10.932454592164,21.0434782608696,12.375,244,239
131750874,346.466992139816,9.3774,34,4,1,1,0,0,0,0.52,25,0,0,135.18,55,0,0,0,0,0,0,0,4,0,0,55,0,0,0,0,63.6,12.5624533805112,0.972133141129763,11.9225646663087,23.04,14.1066666666667,276,271
59039607,192.213995456696,3.4471,15,3,1,1,0,0,0,0.214285714285714,14,0,0,67.884,26,0,0,0,0,0,0,0,3,0,0,26,0,0,0,0,46.53,9.3429859364883,0.970907301268624,8.62294332762809,12.0714285714286,5.77777777777778,122,116
14440537,320.42899274826,8.4663,32,4,1,1,0,0,0,0.521739130434783,23,0,0,123.134,51,0,0,0,0,0,0,0,4,0,0,51,0,0,0,0,63.6,12.1253080379055,0.969544679191287,11.5061880057136,21.0434782608696,12.375,258,252
13337758,326.391992330551,6.8428,26,4,1,1,0,0,0,0.36,25,0,0,117.244,46,0,0,0,0,0,0,0,4,0,0,47,0,0,0,0,63.6,12.512504612798,0.969122484565033,11.9111694466711,20.3136,10.87109375,232,238
11895692,372.416991233826,7.2874,30,6,3,3,0,1,0,0.321428571428571,28,0,0,129.8568,51,0,0,0,0,0,0,0,6,0,0,52,0,0,0,0,96.22,11.1867402089528,0.946961832044766,10.813295774337,23.280612244898,11.8699780861943,252,255
11487078,424.492990016937,9.8706,34,6,0,0,0,0,0,0.3125,32,0,0,150.691,59,0,0,0,0,0,0,0,6,0,0,60,0,0,0,0,71.06,17.9084721623006,1.07522339490943,15.6555826882925,27.24609375,13.0320247933884,292,280
10250249,398.410990476608,6.3683,29,7,2,2,0,0,0,0.3,30,0,0,133.225,51,0,0,0,0,0,0,0,7,0,0,52,0,0,0,0,102.29,14.6848349921811,0.968613907195319,14.1606691614639,25.2622222222222,12.7575,248,246
9906039,342.390991926193,6.0275,27,5,2,2,0,0,0,0.346153846153846,26,0,0,119.605,47,0,0,0,0,0,0,0,5,0,0,48,0,0,0,0,83.83,13.1974482479919,0.969803095282493,12.6083791773707,21.301775147929,10.9826989619377,236,244
9548762,272.299993515015,5.0482,20,4,2,2,0,0,0,0.19047619047619,21,0,0,96.43,36,0,0,0,0,0,0,0,4,0,0,37,0,0,0,0,58.92,13.1363044826496,0.969647007143985,12.5475120181533,16.3718820861678,7.85204081632653,174,175
7766335,284.31099319458,5.2892,20,4,1,1,0,0,0,0.272727272727273,22,0,0,97.684,37,0,0,0,0,0,0,0,4,0,0,38,0,0,0,0,55.76,14.0660393440834,0.969873779159796,13.502958680117,17.3553719008264,9.20918367346939,180,184
6477182,396.438990592957,9.2588,30,6,1,1,0,1,0,0.3,30,0,0,138.7548,53,0,0,0,0,0,0,0,6,0,0,54,0,0,0,0,74.22,17.0795030953869,0.940775590132132,17.1547047718235,25.2622222222222,13.4201183431953,256,245
6123890,254.284993886948,4.9163,17,3,1,1,0,0,0,0.2,20,0,0,89.8995,33,0,0,0,0,0,0,0,3,0,0,34,0,0,0,0,46.53,12.2934177317929,0.970029867765243,11.6732362995322,15.39,7.69526627218935,160,167
5470829,352.385991573334,6.3411,25,5,2,2,0,0,0,0.142857142857143,28,0,0,122.305,46,0,0,0,0,0,0,0,5,0,0,48,0,0,0,0,75.99,16.2328369242308,0.967966069738716,15.7700474548788,20.7270408163265,9.46745562130178,234,245
5372374,370.400991201401,6.7849,28,6,3,3,0,1,0,0.285714285714286,28,0,0,128.0608,49,0,0,0,0,0,0,0,6,0,0,50,0,0,0,0,96.22,12.0940170289646,0.971489830545662,11.4489383714616,23.280612244898,11.8699780861943,238,242
5318278,310.392992734909,7.3691,25,3,1,1,0,0,0,0.333333333333333,24,0,0,116.57,45,0,0,0,0,0,0,0,3,0,0,46,0,0,0,0,46.53,11.4971987677364,0.970060862791363,10.852038576892,19.3263888888889,10.78,224,229
5281767,368.384991168976,6.2824,26,6,3,3,0,1,0,0.25,28,0,0,126.2648,47,0,0,0,0,0,0,0,6,0,0,48,0,0,0,0,96.22,15.0962924643246,0.937499745886274,15.1027163266622,23.280612244898,11.8699780861943,224,229
11366,366.412991285324,7.0479,27,5,2,2,0,0,0,0.137931034482759,29,0,0,129.226,49,0,0,0,0,0,0,0,5,0,0,51,0,0,0,0,75.99,15.4085509316974,0.970948974912953,14.86957845347,21.7027348394768,10.15625,250,261
131752987,296.321992874145,4.7466,20,4,2,2,0,0,0,0.217391304347826,23,0,0,104.085,38,0,0,0,0,0,0,0,4,0,0,39,0,0,0,0,66.76,10.0864388100998,0.970304091466026,9.39513168996356,18.3402646502836,9.33333333333333,182,191
131750873,290.358993291855,6.5502,26,4,1,1,0,0,0,0.428571428571429,21,0,0,107.496,43,0,0,0,0,0,0,0,4,0,0,43,0,0,0,0,63.6,9.45832026559972,0.971766521788403,8.73312009987026,19.047619047619,10.6804733727811,212,207
131750840,384.339990615845,5.11,22,8,2,4,2,0,0,0.241379310344828,29,0,0,114.843,44,0,0,0,0,0,0,0,8,0,0,45,0,0,0,0,139.18,15.627358310212,0.971717374824548,15.0822052945525,24.2711058263971,11.4075,220,229
102316888,274.359993696213,7.0765,25,3,1,1,0,0,0,0.4,20,0,0,106.822,42,0,0,0,0,0,0,0,3,0,0,42,0,0,0,0,46.53,10.8498686769974,0.969155566267199,10.1951775903086,18.05,10.6875,204,198
54597187,492.473987340927,7.8424,28,6,2,2,0,0,0,0.236842105263158,38,0,0,156.261,58,2,0,0,0,0,2,0,6,0,0,60,0,0,0,0,93.06,16.9949507082509,0.96902558583751,16.5381857369251,30.5401662049861,14.9630177514793,286,304
46886812,456.446989059448,6.5068,33,9,2,2,0,0,0,0.382352941176471,34,0,0,145.038,57,0,0,0,0,0,0,0,9,0,0,58,0,0,0,0,128.59,18.9251395301332,0.968231225931488,18.5460950063104,29.2318339100346,15.8842975206612,278,283
46881044,354.401991605759,6.7242,27,5,2,2,0,0,0,0.296296296296296,27,0,0,125.741,48,0,0,0,0,0,0,0,5,0,0,49,0,0,0,0,75.99,12.1027408048811,0.964492456798019,11.5483001132643,22.2908093278464,11.7551020408163,234,236
22321203,290.358993291855,7.1372,26,4,2,2,0,1,0,0.380952380952381,21,0,0,109.1418,43,0,0,0,0,0,0,0,4,0,0,43,0,0,0,0,66.76,11.8600474893454,0.958526561518793,11.3732069255891,19.047619047619,10.6804733727811,208,204
14999388,346.466992139816,9.3774,34,4,1,1,0,0,0,0.52,25,0,0,135.18,55,0,0,0,0,0,0,0,4,0,0,55,0,0,0,0,63.6,15.109951060914,0.969146537414208,14.5909869948347,23.04,14.1066666666667,276,271
11474949,396.438990592957,7.109,30,6,2,2,0,0,0,0.333333333333333,30,0,0,138.461,53,0,0,0,0,0,0,0,6,0,0,54,0,0,0,0,93.06,15.4990735883977,0.969245007710758,14.9908727567291,25.2622222222222,13.4201183431953,260,264
11140882,292.37499332428,6.5083,28,4,2,2,0,1,0,0.428571428571429,21,0,0,110.1178,45,0,0,0,0,0,0,0,4,0,0,45,0,0,0,0,66.76,9.0812066408848,0.984233192623596,8.22668195804057,19.047619047619,10.6804733727811,222,219
10904292,352.385991573334,6.2217,25,5,2,2,0,0,0,0.259259259259259,27,0,0,123.945,46,0,0,0,0,0,0,0,5,0,0,47,0,0,0,0,75.99,16.297960025007,0.968470715164883,15.8285522420079,22.2908093278464,11.7551020408163,220,223
10659647,270.28399348259,4.101,18,4,2,2,0,0,0,0.19047619047619,21,0,0,92.2605,34,0,0,0,0,0,0,0,4,0,0,35,0,0,0,0,66.76,12.3058879021577,0.970298172704552,11.6825838163304,16.3718820861678,7.85204081632653,164,173
10489861,234.250994443893,3.723,18,4,1,1,0,0,0,0.294117647058823,17,0,0,79.812,31,0,0,0,0,0,0,0,4,0,0,31,0,0,0,0,63.6,10.0717858127656,0.968685179987538,9.39737782805262,15.0588235294118,7.43801652892562,148,143
10249311,382.411990880966,7.1836,28,6,1,1,0,0,0,0.310344827586207,29,0,0,130.864,50,0,0,0,0,0,0,0,6,0,0,51,0,0,0,0,82.06,16.2256209604118,0.969431477544041,15.7372540878473,24.2711058263971,12.6398891966759,244,240
9975813,360.53799200058,11.8198,39,3,1,1,0,0,0,0.576923076923077,26,0,0,150.144,62,0,0,0,0,0,0,0,3,0,0,62,0,0,0,0,46.53,14.1487472800786,0.972513004734879,13.5486458393795,24.0384615384615,16,314,307
9952605,396.438990592957,8.6718,30,6,0,0,0,0,0,0.333333333333333,30,0,0,137.109,53,0,0,0,0,0,0,0,6,0,0,54,0,0,0,0,71.06,15.9658934820114,1.08264946830855,13.7470570571242,25.2622222222222,13.4201183431953,260,248
9794897,248.321994304657,6.1654,23,3,1,1,0,0,0,0.388888888888889,18,0,0,94.776,38,0,0,0,0,0,0,0,3,0,0,38,0,0,0,0,46.53,8.24014949844455,0.970161390755979,7.4935863011654,16.0555555555556,8.99173553719008,186,179
6474893,326.347992181778,5.4195,23,5,2,2,0,0,0,0.24,25,0,0,112.691,42,0,0,0,0,0,0,0,5,0,0,43,0,0,0,0,75.99,14.0959968560394,0.968744376364942,13.5507909000023,20.3136,10.2222222222222,202,205
6446390,234.294994592667,5.3527,21,3,1,1,0,0,0,0.235294117647059,17,0,0,88.387,35,0,0,0,0,0,0,0,3,0,0,35,0,0,0,0,46.53,11.0424169477424,0.96932573261188,10.3918537146313,15.0588235294118,6.25,170,164
6445487,412.348990678787,7.3676,22,6,0,2,2,0,0,0.285714285714286,28,0,0,118.048,47,0,0,0,0,0,0,0,6,0,0,46,0,0,0,0,98.72,16.624312162276,1.08212711969184,14.3626240944873,29,14.9101533966399,222,226
6441913,356.37399148941,6.0579,26,6,2,2,0,0,0,0.296296296296296,27,0,0,120.697,46,0,0,0,0,0,0,0,6,0,0,47,0,0,0,0,85.22,15.7497287751637,0.969283258599649,15.2488401975681,22.2908093278464,11.7551020408163,222,222
6440365,310.392992734909,7.478,25,3,1,1,0,0,0,0.333333333333333,24,0,0,117.362,45,0,0,0,0,0,0,0,3,0,0,46,0,0,0,0,46.53,12.167390280388,0.96932972903133,11.5523750236642,19.3263888888889,10.78,224,230
6438480,276.375993728638,7.6879,27,3,1,1,0,0,0,0.45,20,0,0,109.41,44,0,0,0,0,0,0,0,3,0,0,44,0,0,0,0,46.53,9.97925397813861,0.969086342823634,9.29759014977136,18.05,10.6875,218,212
5930244,284.31099319458,5.5892,20,4,1,1,0,0,0,0.227272727272727,22,0,0,98.5055,37,0,0,0,0,0,0,0,4,0,0,38,0,0,0,0,55.76,13.3966352939012,0.97139945115667,12.7910673904021,17.3553719008264,8.58501783590963,180,181
5468215,298.33799290657,5.996,22,4,1,1,0,0,0,0.304347826086957,23,0,0,104.605,40,0,0,0,0,0,0,0,4,0,0,41,0,0,0,0,55.76,14.01247145054,0.970611432631326,13.4367467551379,18.3402646502836,9.98810939357907,196,200
5324476,338.358991861343,5.6095,23,5,3,3,0,1,0,0.230769230769231,26,0,0,117.6588,43,0,0,0,0,0,0,0,5,0,0,44,0,0,0,0,86.99,14.7595303023978,0.930067466053202,14.8693114651464,21.301775147929,10.9826989619377,204,215
5315280,370.444991350174,9.1204,31,5,0,0,0,0,0,0.285714285714286,28,0,0,133.555,53,0,0,0,0,0,0,0,5,0,0,54,0,0,0,0,53.99,12.644523790896,1.08271397516055,10.6785449167413,23.280612244898,10.6837606837607,264,250
5284444,298.33799290657,5.996,22,4,1,1,0,0,0,0.304347826086957,23,0,0,104.605,40,0,0,0,0,0,0,0,4,0,0,41,0,0,0,0,55.76,14.0525231362419,0.969523765094928,13.4942534078739,18.3402646502836,9.98810939357907,196,200
1714173,394.466990709305,10.0243,31,5,0,0,0,0,0,0.193548387096774,31,0,0,141.716,55,0,0,0,0,0,0,0,5,0,0,57,0,0,0,0,53.99,16.5968199418016,1.05445677862813,14.7396872761294,23.6586888657648,11.5714285714286,282,277
1550234,366.412991285324,7.0479,27,5,2,2,0,0,0,0.137931034482759,29,0,0,129.226,49,0,0,0,0,0,0,0,5,0,0,51,0,0,0,0,75.99,15.1957118835619,0.968797081820073,14.685133831136,21.7027348394768,10.15625,250,261
1381237,354.401991605759,8.3959,27,5,0,0,0,0,0,0.296296296296296,27,0,0,125.181,48,0,0,0,0,0,0,0,5,0,0,49,0,0,0,0,53.99,16.2252405806843,1.05027063864709,14.4486281760528,22.2908093278464,11.7551020408163,234,221
442783,368.384991168976,6.2824,26,6,3,3,0,1,0,0.25,28,0,0,126.2648,47,0,0,0,0,0,0,0,6,0,0,48,0,0,0,0,96.22,15.6171820410942,0.931744558033447,15.7612269977257,23.280612244898,11.8699780861943,224,229
440382,272.299993515015,5.0482,20,4,2,2,0,0,0,0.19047619047619,21,0,0,96.43,36,0,0,0,0,0,0,0,4,0,0,37,0,0,0,0,58.92,13.9396600835526,0.969610988490923,13.3765492027354,16.3718820861678,7.85204081632653,174,175
294770,234.250994443893,3.723,18,4,1,1,0,0,0,0.235294117647059,17,0,0,79.812,31,0,0,0,0,0,0,0,4,0,0,31,0,0,0,0,63.6,9.79334241090964,0.970759690990882,9.08832824621436,15.0588235294118,6.80529300567108,148,140
251430,380.395990848541,6.2592,26,6,2,2,0,0,0,0.166666666666667,30,0,0,126.931,48,0,0,0,0,0,0,0,6,0,0,50,0,0,0,0,85.22,12.0143757768889,0.968068534961946,11.4106665416629,22.68,10.3469387755102,240,246
133145,312.408992767334,7.9805,27,3,1,1,0,0,0,0.375,24,0,0,119.158,47,0,0,0,0,0,0,0,3,0,0,48,0,0,0,0,46.53,9.75551400807805,0.983849127575174,8.91566057706612,19.3263888888889,10.78,238,243
99844,230.218994379044,2.6196,14,4,1,1,0,0,0,0.111111111111111,18,0,0,72.996,27,0,0,0,0,0,0,0,4,0,0,28,0,0,0,0,63.6,11.4899603194843,0.971171455209642,10.831031748152,13.4320987654321,5.76,134,143
14121,192.213995456696,3.4471,15,3,1,1,0,0,0,0.214285714285714,14,0,0,67.884,26,0,0,0,0,0,0,0,3,0,0,26,0,0,0,0,46.53,9.92031156993726,0.969622429632284,9.23110776603982,12.0714285714286,5.77777777777778,122,116
2889,368.384991168976,5.6954,26,6,2,2,0,0,0,0.285714285714286,28,0,0,124.619,47,0,0,0,0,0,0,0,6,0,0,48,0,0,0,0,93.06,16.1246346628927,0.9693092239513,15.6351812862794,23.280612244898,11.8699780861943,228,232
156025662,372.416991233826,6.2649,30,6,3,3,0,1,0,0.321428571428571,28,0,0,129.8288,51,0,0,0,0,0,0,0,6,0,0,52,0,0,0,0,96.22,14.0735085684299,0.968976861047203,13.5240914764675,23.280612244898,11.8699780861943,252,258
154728220,396.438990592957,8.3828,30,6,1,1,0,0,0,0.3,30,0,0,138.796,53,0,0,0,0,0,0,0,6,0,0,54,0,0,0,0,74.22,17.0223819813697,0.973493416698565,16.4858727233084,25.2622222222222,13.4201183431953,256,245
135400377,302.281992673874,3.4929,19,6,2,2,0,0,0,0.173913043478261,23,1,0,95.7625,36,0,0,0,0,0,0,0,6,0,0,37,0,0,0,0,96.97,13.1321308748697,0.968152931726423,12.564107946719,18.3402646502836,8.203125,176,182
131751371,274.359993696213,7.0765,25,3,1,1,0,0,0,0.4,20,0,0,106.822,42,0,0,0,0,0,0,0,3,0,0,42,0,0,0,0,46.53,9.83837630722818,0.963923400527636,9.20659556749304,18.05,10.6875,204,198
129716443,410.421990156174,5.9713,29,7,2,2,0,0,0,0.290322580645161,31,0,0,136.547,52,0,0,0,0,0,0,0,7,0,0,53,0,0,0,0,110.13,14.5741334986592,0.9688078660355,14.0433682565963,26.2539021852237,12.8888888888889,254,259
129630417,338.358991861343,5.0225,23,5,2,2,0,0,0,0.269230769230769,26,0,0,116.013,43,0,0,0,0,0,0,0,5,0,0,44,0,0,0,0,83.83,15.538414485736,0.969934685971134,15.0200627016224,21.301775147929,10.9826989619377,208,218
88539416,406.433990240097,7.774,28,6,2,2,0,1,0,0.290322580645161,31,0,0,140.2858,52,0,0,0,0,0,0,0,6,0,0,53,0,0,0,0,85.22,15.7878631867892,0.954043037361802,15.5483762980411,26.2539021852237,14.21,248,249
87098904,370.400991201401,7.0435,28,6,2,2,0,1,0,0.285714285714286,28,0,0,126.5928,49,0,0,0,0,0,0,0,6,0,0,50,0,0,0,0,93.06,15.7685037460576,0.968024887745185,15.2893577899501,23.280612244898,11.8699780861943,242,247
87088208,374.432991266251,7.1349,32,6,2,2,0,1,0,0.285714285714286,28,0,0,130.9488,53,0,0,0,0,0,0,0,6,0,0,54,0,0,0,0,93.06,12.9132547242569,0.969086862575696,12.3251777760513,23.280612244898,11.8699780861943,270,281
86144771,312.408992767334,7.9805,27,3,1,1,0,0,0,0.375,24,0,0,119.158,47,0,0,0,0,0,0,0,3,0,0,48,0,0,0,0,46.53,11.0841941870249,0.972328567393089,10.3996385159625,19.3263888888889,10.78,238,243
85309552,352.385991573334,6.2217,25,5,2,2,0,0,0,0.259259259259259,27,0,0,123.945,46,0,0,0,0,0,0,0,5,0,0,47,0,0,0,0,75.99,14.6849072526247,0.968723675794983,14.159025860056,22.2908093278464,11.7551020408163,220,223
85140635,370.400991201401,6.1979,28,6,2,2,0,0,0,0.321428571428571,28,0,0,126.415,49,0,0,0,0,0,0,0,6,0,0,50,0,0,0,0,93.06,14.339757081097,0.968835603033696,13.8010220064118,23.280612244898,11.8699780861943,242,245
76333842,356.37399148941,5.9132,26,6,2,2,0,0,0,0.222222222222222,27,0,0,119.145,46,0,0,0,0,0,0,0,6,0,0,47,0,0,0,0,93.06,10.5518956061925,0.968118567077175,9.89938357245797,22.2908093278464,9.97229916897507,226,223
72980493,424.492990016937,9.8706,34,6,0,0,0,0,0,0.3125,32,0,0,150.691,59,0,0,0,0,0,0,0,6,0,0,60,0,0,0,0,71.06,17.5455909605266,1.07594441552357,15.30715370365,27.24609375,13.0320247933884,292,280
72742747,346.466992139816,9.3774,34,4,1,1,0,0,0,0.52,25,0,0,135.18,55,0,0,0,0,0,0,0,4,0,0,55,0,0,0,0,63.6,14.9121950936671,0.969242078273151,14.3854185945326,23.04,14.1066666666667,276,271
66738878,270.28399348259,4.101,18,4,2,2,0,0,0,0.19047619047619,21,0,0,92.2605,34,0,0,0,0,0,0,0,4,0,0,35,0,0,0,0,66.76,12.4659418342481,0.969726022443874,11.8551173689573,16.3718820861678,7.85204081632653,164,173
56597215,302.325992822647,5.2695,23,5,1,1,0,0,0,0.260869565217391,23,0,0,100.973,40,0,0,0,0,0,0,0,5,0,0,41,0,0,0,0,72.83,11.5248338758057,0.967956151267985,10.9063594572013,18.3402646502836,8.74089490114464,202,204
54695591,466.485988855362,7.9989,34,8,3,3,0,1,0,0.314285714285714,35,0,0,157.4528,60,0,0,0,0,0,0,0,8,0,0,61,0,0,0,0,122.52,16.2517510609964,0.961033613100006,15.9106999375112,30.225306122449,15.9697542533081,288,289
53393977,396.438990592957,8.6718,30,6,0,0,0,0,0,0.333333333333333,30,0,0,137.109,53,0,0,0,0,0,0,0,6,0,0,54,0,0,0,0,71.06,16.4293609549588,1.08260055193198,14.175829095634,25.2622222222222,13.4201183431953,260,248
51136451,356.37399148941,5.9132,26,6,2,2,0,0,0,0.222222222222222,27,0,0,119.145,46,0,0,0,0,0,0,0,6,0,0,47,0,0,0,0,93.06,11.3763002263276,0.969437073635636,10.7349547853205,22.2908093278464,9.97229916897507,226,223
46946664,410.465990304947,8.5972,32,6,1,1,0,0,0,0.354838709677419,31,0,0,144.706,56,0,0,0,0,0,0,0,6,0,0,57,0,0,0,0,82.06,16.4579518099011,0.969097657406612,15.9827588418117,26.2539021852237,14.21,276,272
46898924,425.412989735603,6.8134,28,8,1,2,1,0,0,0.34375,32,0,0,134.4435,52,0,0,0,0,0,0,0,8,0,0,53,0,0,0,0,122.19,15.9172406584914,0.970202330290157,15.4061043367429,27.24609375,14.3027210884354,258,261
46881062,358.433991670609,7.8381,31,5,2,2,0,0,0,0.37037037037037,27,0,0,130.125,52,0,0,0,0,0,0,0,5,0,0,53,0,0,0,0,75.99,11.3453343085068,0.970741432498796,10.6872876017073,22.2908093278464,11.7551020408163,262,263
